INSERT INTO public.users (id, email, password_hash, profile_type, status, is_verified, is_premium, created_at, last_login_at, updated_at) VALUES ('a1aec8f9-0e9f-465b-9aa8-22795b41658f', 'jfcnetto@gmail.com', '$2b$10$lFJ97oA7L9AcwzJQGHDiI.altb.OuDIU8UN.SUBdlWxnUanmA2XLi', 'user', 'pending', 'f', 't', '2026-07-03 22:16:13.22428-03', NULL, '2026-07-08 19:15:05.867-03');
INSERT INTO public.users (id, email, password_hash, profile_type, status, is_verified, is_premium, created_at, last_login_at, updated_at) VALUES ('0e1bf1c8-2bc7-4858-9cf2-737feef849e8', 'jfcnetto73@gmail.com', '$2b$10$Q8cqs9gns2URSoR2WEntBe8.Md2r40VvyXK6wj4Im/giqZ4v7zP3S', 'user', 'pending', 't', 't', '2026-07-09 20:38:47.743613-03', NULL, '2026-07-09 22:48:58.131-03');
INSERT INTO public.plans (id, name, price_cents, billing_period, features, stripe_price_id, is_active, created_at, updated_at, is_highlighted, discount_percentage) VALUES ('40a2ded6-c75e-42f2-aeef-ed35bd6d6c25', 'Gold', '9900', 'monthly', '["Chat ilimitado sem limite de cota mensal", "3 Destaques de perfil por m├¬s", "Acesso aos filtros de busca b├ísicos"]', 'price_gold_monthly_mock', 't', '2026-07-09 16:33:28.588092-03', '2026-07-09 16:33:28.588092-03', 'f', '0');
INSERT INTO public.plans (id, name, price_cents, billing_period, features, stripe_price_id, is_active, created_at, updated_at, is_highlighted, discount_percentage) VALUES ('bd6b03ec-575f-4728-b1ec-c6c5d77f3063', 'Platinum', '24900', 'monthly', '["Chat ilimitado sem limite de cota mensal", "10 Destaques de perfil por m├¬s", "Acesso completo a todos os filtros avan├ºados", "Selo de verifica├º├úo premium exclusivo"]', 'price_platinum_monthly_mock', 't', '2026-07-09 16:33:28.72035-03', '2026-07-09 16:33:28.72035-03', 't', '0');
INSERT INTO public.plans (id, name, price_cents, billing_period, features, stripe_price_id, is_active, created_at, updated_at, is_highlighted, discount_percentage) VALUES ('30a671d5-1e6d-4cdb-b883-50a0bec810ca', 'Elite', '49900', 'monthly', '["Chat ilimitado sem limite de cota mensal", "Destaque de perfil ilimitado", "Suporte priorit├írio 24/7", "Modo Invis├¡vel completo", "Acesso antecipado a novas conex├Áes", "Acesso completo a todos os filtros avan├ºados", "Selo de verifica├º├úo premium exclusivo"]', 'price_elite_monthly_mock', 't', '2026-07-09 16:33:28.778078-03', '2026-07-09 16:33:28.778078-03', 'f', '0');
INSERT INTO public.plans (id, name, price_cents, billing_period, features, stripe_price_id, is_active, created_at, updated_at, is_highlighted, discount_percentage) VALUES ('d1606371-839b-4ed8-995b-f9d98fe95e13', 'Gold', '24900', 'quarterly', '["Chat ilimitado sem limite de cota mensal", "3 Destaques de perfil por m├¬s", "Acesso aos filtros de busca b├ísicos"]', 'price_gold_quarterly_mock', 't', '2026-07-09 16:33:28.825102-03', '2026-07-09 16:33:28.825102-03', 'f', '15');
INSERT INTO public.plans (id, name, price_cents, billing_period, features, stripe_price_id, is_active, created_at, updated_at, is_highlighted, discount_percentage) VALUES ('6654ee07-62bb-44af-ad28-bffc2ccd4ec2', 'Platinum', '59900', 'quarterly', '["Chat ilimitado sem limite de cota mensal", "10 Destaques de perfil por m├¬s", "Acesso completo a todos os filtros avan├ºados", "Selo de verifica├º├úo premium exclusivo"]', 'price_platinum_quarterly_mock', 't', '2026-07-09 16:33:28.872731-03', '2026-07-09 16:33:28.872731-03', 't', '20');
INSERT INTO public.plans (id, name, price_cents, billing_period, features, stripe_price_id, is_active, created_at, updated_at, is_highlighted, discount_percentage) VALUES ('c51673a2-8878-41ed-8f87-a09e0cbdce17', 'Elite', '119900', 'quarterly', '["Chat ilimitado sem limite de cota mensal", "Destaque de perfil ilimitado", "Suporte priorit├írio 24/7", "Modo Invis├¡vel completo", "Acesso antecipado a novas conex├Áes", "Acesso completo a todos os filtros avan├ºados", "Selo de verifica├º├úo premium exclusivo"]', 'price_elite_quarterly_mock', 't', '2026-07-09 16:33:28.908292-03', '2026-07-09 16:33:28.908292-03', 'f', '20');
INSERT INTO public.plans (id, name, price_cents, billing_period, features, stripe_price_id, is_active, created_at, updated_at, is_highlighted, discount_percentage) VALUES ('822752f0-6c82-4889-8680-da6f78375aef', 'Gold', '44900', 'semi_annual', '["Chat ilimitado sem limite de cota mensal", "3 Destaques de perfil por m├¬s", "Acesso aos filtros de busca b├ísicos"]', 'price_gold_semiannual_mock', 't', '2026-07-09 16:33:28.943434-03', '2026-07-09 16:33:28.943434-03', 'f', '25');
INSERT INTO public.plans (id, name, price_cents, billing_period, features, stripe_price_id, is_active, created_at, updated_at, is_highlighted, discount_percentage) VALUES ('dee940b5-be34-4135-8b9b-f751399c37d4', 'Platinum', '109900', 'semi_annual', '["Chat ilimitado sem limite de cota mensal", "10 Destaques de perfil por m├¬s", "Acesso completo a todos os filtros avan├ºados", "Selo de verifica├º├úo premium exclusivo"]', 'price_platinum_semiannual_mock', 't', '2026-07-09 16:33:28.979452-03', '2026-07-09 16:33:28.979452-03', 't', '30');
INSERT INTO public.plans (id, name, price_cents, billing_period, features, stripe_price_id, is_active, created_at, updated_at, is_highlighted, discount_percentage) VALUES ('7cb33729-12ef-46a0-8a7d-3c1f16c76fe2', 'Elite', '219900', 'semi_annual', '["Chat ilimitado sem limite de cota mensal", "Destaque de perfil ilimitado", "Suporte priorit├írio 24/7", "Modo Invis├¡vel completo", "Acesso antecipado a novas conex├Áes", "Acesso completo a todos os filtros avan├ºados", "Selo de verifica├º├úo premium exclusivo"]', 'price_elite_semiannual_mock', 't', '2026-07-09 16:33:29.014739-03', '2026-07-09 16:33:29.014739-03', 'f', '30');
INSERT INTO public.profiles (id, display_name, birth_date, gender, relationship_type, state, city, bio, profession, education, income_range, latitude, longitude, interests, marital_status, height_range, ethnicity, hair_color, eye_color, smoking, drinking, seeking_description, popularity_score, profile_views, deleted_at, created_at, updated_at, last_active_at, moderation_status, availability, partnership_type, meeting_frequency, country, body_type, skin_tone, children, net_worth, seeking_gender, travel_preference) VALUES ('a1aec8f9-0e9f-465b-9aa8-22795b41658f', 'Jo├úo Francisco', '1973-06-10', 'male', 'daddy', 'DF', 'Bras├¡lia', 'Sou uma pessoa que gosta de viver a vida intensamente, principalmente ao lado de pessoas alegres e bonitas, n├úo fico irritado, super paciente, porem n├úo que dizer que possam abusar desta paci├¬ncia, minhas conclus├Áes s├úo bem assimiladas e r├ípidas.', 'Product Ower', 'Superior Completo', 'R$ 10.000 a R$ 20.000', NULL, NULL, NULL, 'single', '1,70 m a 1,80 m', NULL, 'Preto', 'Pretos', 'no', 'no', 'Gosto de alem de dar conforto, dar uma boa condi├º├úo no que se trata a educa├º├úo, faculdade e cursos s├úo as prioridades, quanto aos presentes adora presentear com coisas que vejo parecer muito com a minha parceira, roupas,cal├ºados, perfumes, carinho e uma outra coisa ', '0', '0', NULL, '2026-07-03 23:06:51.300837-03', '2026-07-09 15:04:25.078-03', '2026-07-09 15:04:25.078-03', 'pending', 'Sim, dispon├¡vel para viajar pelo mundo', 'companionship', 'flexible', 'Brasil', 'Gordinho', 'Clara', 'N├úo tenho', 'R$ 500 Mil a R$ 1 Milh├úo', 'MULHERES', '');
INSERT INTO public.profiles (id, display_name, birth_date, gender, relationship_type, state, city, bio, profession, education, income_range, latitude, longitude, interests, marital_status, height_range, ethnicity, hair_color, eye_color, smoking, drinking, seeking_description, popularity_score, profile_views, deleted_at, created_at, updated_at, last_active_at, moderation_status, availability, partnership_type, meeting_frequency, country, body_type, skin_tone, children, net_worth, seeking_gender, travel_preference) VALUES ('0e1bf1c8-2bc7-4858-9cf2-737feef849e8', 'Jo├úo Netto', '1973-06-10', 'male', 'baby', 'BA', 'Angical', 'Procuro, boas companhias para viagens, e dias agraveis.', 'Analista de Sistemas', 'Superior Completo', 'At├® R$ 50 mil', NULL, NULL, NULL, 'single', '1.70m - 1.80m', 'Branco/Caucasiano', 'Preto', 'Preto', 'no', 'yes', 'Procuro, boas companhias para viagens, e dias agraveis.', '0', '0', NULL, '2026-07-09 20:38:51.573565-03', '2026-07-09 22:47:54.984-03', '2026-07-09 22:47:47.025-03', 'pending', 'Mundo inteiro', 'companionship', 'flexible', 'Brasil', '', '', 'Nenhum', 'R$ 500 mil a R$ 1 milh├úo', '', '');
INSERT INTO public.photos (id, user_id, storage_path, thumbnail_path, is_primary, status, type, is_private, sort_order, created_at) VALUES ('db1424af-7f2e-453c-9076-a6da14eeab05', '0e1bf1c8-2bc7-4858-9cf2-737feef849e8', 'users/0e1bf1c8-2bc7-4858-9cf2-737feef849e8/photos/8ec4900a-79c4-4668-a460-806c289a866f-original.jpeg', NULL, 't', 'pending', 'profile', 'f', '0', '2026-07-09 22:37:44.082746-03');
INSERT INTO public.photos (id, user_id, storage_path, thumbnail_path, is_primary, status, type, is_private, sort_order, created_at) VALUES ('e046c4f1-580e-4e8a-87fe-7ca8505345df', 'a1aec8f9-0e9f-465b-9aa8-22795b41658f', 'users/a1aec8f9-0e9f-465b-9aa8-22795b41658f/photos/244ed997-238e-41ee-ae4b-4947aef721d9-original.jpg', NULL, 'f', 'pending', 'profile', 'f', '0', '2026-07-08 03:30:41.590139-03');
INSERT INTO public.photos (id, user_id, storage_path, thumbnail_path, is_primary, status, type, is_private, sort_order, created_at) VALUES ('d55457d4-71e6-4bef-843f-d0464a5a02e5', 'a1aec8f9-0e9f-465b-9aa8-22795b41658f', 'users/a1aec8f9-0e9f-465b-9aa8-22795b41658f/photos/95975079-d594-4062-9718-9ea81d67a5c6-original.jpeg', NULL, 't', 'pending', 'profile', 'f', '0', '2026-07-08 03:30:51.092891-03');
INSERT INTO public.photos (id, user_id, storage_path, thumbnail_path, is_primary, status, type, is_private, sort_order, created_at) VALUES ('52185e86-1a2c-4c94-a93a-109de8975aff', '0e1bf1c8-2bc7-4858-9cf2-737feef849e8', 'users/0e1bf1c8-2bc7-4858-9cf2-737feef849e8/photos/4a9988ed-1bba-4d0c-a2ae-d3db8bb8e6cd-original.jpeg', NULL, 'f', 'pending', 'profile', 'f', '0', '2026-07-09 22:37:42.253268-03');
INSERT INTO public.photos (id, user_id, storage_path, thumbnail_path, is_primary, status, type, is_private, sort_order, created_at) VALUES ('fb8b2008-6f7a-4ec3-85d3-436889d75632', '0e1bf1c8-2bc7-4858-9cf2-737feef849e8', 'users/0e1bf1c8-2bc7-4858-9cf2-737feef849e8/photos/dce2a9bb-ade3-436f-bc9c-8cbc59df7c88-original.jpeg', NULL, 'f', 'pending', 'profile', 'f', '0', '2026-07-09 22:37:44.932429-03');
INSERT INTO public.photos (id, user_id, storage_path, thumbnail_path, is_primary, status, type, is_private, sort_order, created_at) VALUES ('30f38af6-5f3d-4e3f-8cc6-000648898f49', '0e1bf1c8-2bc7-4858-9cf2-737feef849e8', 'users/0e1bf1c8-2bc7-4858-9cf2-737feef849e8/photos/3f19e57a-ef6c-4aeb-a2ad-a92953076e3d-original.jpeg', NULL, 'f', 'pending', 'profile', 'f', '0', '2026-07-09 22:37:45.617437-03');
INSERT INTO public.photos (id, user_id, storage_path, thumbnail_path, is_primary, status, type, is_private, sort_order, created_at) VALUES ('59d5ad03-c110-4f76-8cfd-15bf601c7fb7', '0e1bf1c8-2bc7-4858-9cf2-737feef849e8', 'users/0e1bf1c8-2bc7-4858-9cf2-737feef849e8/photos/c8410e3d-a45c-4b00-b14c-71de428407e6-original.jpeg', NULL, 'f', 'pending', 'profile', 'f', '0', '2026-07-09 22:37:47.72104-03');
INSERT INTO public.photos (id, user_id, storage_path, thumbnail_path, is_primary, status, type, is_private, sort_order, created_at) VALUES ('c8f502f3-1b1f-43ac-80f2-2642ea4e6bda', '0e1bf1c8-2bc7-4858-9cf2-737feef849e8', 'users/0e1bf1c8-2bc7-4858-9cf2-737feef849e8/photos/76a12dee-0fcd-4d1d-b154-adbabdb9d001-original.jpeg', NULL, 'f', 'pending', 'profile', 'f', '0', '2026-07-09 22:37:49.414523-03');
INSERT INTO public.photos (id, user_id, storage_path, thumbnail_path, is_primary, status, type, is_private, sort_order, created_at) VALUES ('a94d7c52-1881-4482-b2dc-0081d49506b4', '0e1bf1c8-2bc7-4858-9cf2-737feef849e8', 'users/0e1bf1c8-2bc7-4858-9cf2-737feef849e8/photos/26c21c45-39dd-45c9-850d-a82f2b0b2766-original.jpeg', NULL, 'f', 'pending', 'profile', 'f', '0', '2026-07-09 22:37:50.208703-03');
INSERT INTO public.notifications (id, user_id, type, title, body, is_read, link, created_at) VALUES ('f3ea6ed9-7a0a-4ca3-9e04-508c929b64a3', '0e1bf1c8-2bc7-4858-9cf2-737feef849e8', 'system', 'Ô£¿ Bem-vindo!', 'Complete seu perfil adicionando suas fotos para conseguir matches.', 'f', '/register/photos', '2026-07-09 20:38:52.921907-03');
INSERT INTO public.refresh_tokens (id, user_id, token, expires_at, revoked_at, created_at) VALUES ('30400b8c-0098-4449-991d-85c3987021ac', 'a1aec8f9-0e9f-465b-9aa8-22795b41658f', '48f1b55478c86ce42ab74ac6d7c80df7708008acc1e91d76eb6d073eb3ca01075f94d5268cd36e036312919aa164f0e76aff3f2aa97c665ac3461118453e40a4', '2026-07-10 22:16:13.289-03', '2026-07-03 22:48:16.541-03', '2026-07-03 22:16:13.290472-03');
INSERT INTO public.refresh_tokens (id, user_id, token, expires_at, revoked_at, created_at) VALUES ('e3b9dbf2-dd4f-4e30-8e11-b119d256325e', 'a1aec8f9-0e9f-465b-9aa8-22795b41658f', '955ccb826914b01025d476c868fc1e950ae4cee99fba26e4b011372751c8665b6bf6bc3905d259e92b839b17afcce1d5f1851c22c426b0a94f26bccb857388ec', '2026-07-10 22:48:22.984-03', NULL, '2026-07-03 22:48:23.072412-03');
INSERT INTO public.refresh_tokens (id, user_id, token, expires_at, revoked_at, created_at) VALUES ('e31fb911-ea19-474c-9607-b62dd2f0b4de', 'a1aec8f9-0e9f-465b-9aa8-22795b41658f', 'f83585eb98e8308fc0760a68fb0cb3d4e2e4f06289d8a89cb47d7bd71177a545162b114ae5f752daed57e6d50b58937094af7cf8f7649266bc60933e18c32293', '2026-07-10 23:06:35.745-03', '2026-07-03 23:06:53.153-03', '2026-07-03 23:06:35.793827-03');
INSERT INTO public.refresh_tokens (id, user_id, token, expires_at, revoked_at, created_at) VALUES ('6bacbf91-9415-41f6-b809-51b076e51496', 'a1aec8f9-0e9f-465b-9aa8-22795b41658f', 'f036704797580c2f060c7e05a76468d453b70f9e3b63bcee23f1643bd447f12b0e9018b1cb69649436509f56dd2b20cf34b424a02b2d43c424e952860ce95889', '2026-07-10 23:06:53.74-03', NULL, '2026-07-03 23:06:53.742211-03');
INSERT INTO public.refresh_tokens (id, user_id, token, expires_at, revoked_at, created_at) VALUES ('2906c8bb-22ee-4c8e-971d-7e22de7d2332', 'a1aec8f9-0e9f-465b-9aa8-22795b41658f', '75523a8cdaa987105decd82ea67d8740bfd2f898d7f2f5cff7ffd37a5d32d6a28563eec562d4e51d3cfff50f7f09811c3ecfe91bcbc210294e2c1ac90c017150', '2026-07-10 23:07:27.564-03', '2026-07-03 23:07:33.79-03', '2026-07-03 23:07:27.565614-03');
INSERT INTO public.refresh_tokens (id, user_id, token, expires_at, revoked_at, created_at) VALUES ('a9dc0054-8583-4b30-9f4c-121936c320f3', 'a1aec8f9-0e9f-465b-9aa8-22795b41658f', '07e32d4b5935f9b2ebf4cf6395e96f8e11089772cbaad7b9a66d9be62376d86073516e92f32cf1bbfe32b5fa6f99add0481029d22708bc604f8f02831963b330', '2026-07-10 23:07:33.909-03', NULL, '2026-07-03 23:07:33.912232-03');
INSERT INTO public.refresh_tokens (id, user_id, token, expires_at, revoked_at, created_at) VALUES ('06206054-0cd1-4b78-9e78-c03f37343d65', 'a1aec8f9-0e9f-465b-9aa8-22795b41658f', '741c9f7159d25fac6cfdbad7d49e7c3ee41e7a83a61dbf7295a83784bfd1ee79432bb7472336bc07e0cacec99a46466d43a0d11989a8ca377b3d31bece4116b4', '2026-07-10 23:15:58.401-03', NULL, '2026-07-03 23:15:58.407328-03');
INSERT INTO public.refresh_tokens (id, user_id, token, expires_at, revoked_at, created_at) VALUES ('7ab8c3e0-30eb-49cf-b49e-14e66c264347', 'a1aec8f9-0e9f-465b-9aa8-22795b41658f', 'd31ad7b47ae2d9d01e1b75e182b0234ca57a23b72b14f53149a4a5ee88bf5b322eeac9e0f0ea440e6d73e3fc36b66f18b96545a9ed8db160d82e0125928f7257', '2026-07-10 23:29:42.628-03', NULL, '2026-07-03 23:29:42.641308-03');
INSERT INTO public.refresh_tokens (id, user_id, token, expires_at, revoked_at, created_at) VALUES ('dcf03014-8779-4016-a10d-12265c68796c', 'a1aec8f9-0e9f-465b-9aa8-22795b41658f', 'cbeaeb06b335075f8e15ce940a9dc5d4860fe7b696b4685db8704408a60acf1a164b57206c402037ed75fcc89a861657efb80b5d94a5fa2a6bea62d1b7321757', '2026-07-11 00:03:00.677-03', '2026-07-04 00:18:36.166-03', '2026-07-04 00:03:00.682462-03');
INSERT INTO public.refresh_tokens (id, user_id, token, expires_at, revoked_at, created_at) VALUES ('1797abf0-4fc1-4fd8-aa3d-ac331f8f7611', 'a1aec8f9-0e9f-465b-9aa8-22795b41658f', '28fd622ae7c0d674ef6aad88f980ae348e2f8e9163f3f6cbbdef291e973d25859ade8d846859d6d9e22cc0f78a07fdb0adad58f5d9ed8dc8d58f91d9b7cc22e0', '2026-07-11 00:18:36.299-03', NULL, '2026-07-04 00:18:36.301473-03');
INSERT INTO public.refresh_tokens (id, user_id, token, expires_at, revoked_at, created_at) VALUES ('e3edea96-4dcd-4403-bab2-42368878683a', 'a1aec8f9-0e9f-465b-9aa8-22795b41658f', '4af4cac0cdeec4517bf5c7c824751ff0b918f342d533416dce1ebc6639fa314a3f7a3d296f09b7b9151929f60db18ee879946c45d5ab7049f7683ac6371ebca1', '2026-07-15 02:26:07.512-03', '2026-07-08 02:41:54.371-03', '2026-07-08 02:26:07.552067-03');
INSERT INTO public.refresh_tokens (id, user_id, token, expires_at, revoked_at, created_at) VALUES ('527a646b-2e72-40c1-bbca-5bd853896d98', 'a1aec8f9-0e9f-465b-9aa8-22795b41658f', '7820155bbc98a7e9dc319bcab96572be7ca8d528fde52b041b24db2e9e2676a7253091bee5e4ef2a0ee6c08375c4ff0710d1f712f521f9ba895b6face1f94abb', '2026-07-15 02:41:54.457-03', NULL, '2026-07-08 02:41:54.462088-03');
INSERT INTO public.refresh_tokens (id, user_id, token, expires_at, revoked_at, created_at) VALUES ('2a87d096-8a92-4615-ad9f-a74a27c49826', 'a1aec8f9-0e9f-465b-9aa8-22795b41658f', 'f4ae87a6e90a4c183fe6170032937ccc9afc8af1b39929847b10eee00bb4bdab36bb18de0342520615a4daa1706b2a5acfdccca76090a2d9961d97c4f53ee69c', '2026-07-15 02:52:09.174-03', NULL, '2026-07-08 02:52:09.179267-03');
INSERT INTO public.refresh_tokens (id, user_id, token, expires_at, revoked_at, created_at) VALUES ('2da6514e-de55-43e8-b472-8e4b9cee2bf8', 'a1aec8f9-0e9f-465b-9aa8-22795b41658f', '6df64f674898a585584fc6f3d5a877d9ed971d35de1836cef69d710e55dc3c771d19e579e5767763a8f3e14bb733c32cd39625d5f6b15b8a73030cbc8b1a0c29', '2026-07-15 02:55:28.296-03', NULL, '2026-07-08 02:55:28.297789-03');
INSERT INTO public.refresh_tokens (id, user_id, token, expires_at, revoked_at, created_at) VALUES ('36357965-d2cd-42e4-87c2-44e312e42a51', 'a1aec8f9-0e9f-465b-9aa8-22795b41658f', '88284c59b1392dcb0a4385af01ebd2ad64ae2e44c6f046b95457dc2dd39d19a272a1a75068d19e076bf61bfb767bd387d3fe6c1ecb92924d4d31630f2d709057', '2026-07-15 02:59:13.652-03', NULL, '2026-07-08 02:59:13.653084-03');
INSERT INTO public.refresh_tokens (id, user_id, token, expires_at, revoked_at, created_at) VALUES ('77b85f88-3a39-44b8-b2da-7bdc08289981', 'a1aec8f9-0e9f-465b-9aa8-22795b41658f', 'c2ef79e667ca6a46d2d45c1bf382b33be807bd10ac2d8c46288e5f10801cb91d2b8f4334daf883a26300ddee8e58fd35528ae8799d512cd1420a33b066b3f596', '2026-07-15 03:06:57.134-03', NULL, '2026-07-08 03:06:57.135983-03');
INSERT INTO public.refresh_tokens (id, user_id, token, expires_at, revoked_at, created_at) VALUES ('5a4835d0-f343-47d1-ae8d-1331af2853ec', 'a1aec8f9-0e9f-465b-9aa8-22795b41658f', 'c537ca7190229c6d44e853a24c5679fc952f5b3bb6bd3caed3ecc6215a0c30006187691858561a4e5acdcb40829ad0215e6d4f2e34600700a968dccca4c2a363', '2026-07-15 03:15:00.09-03', NULL, '2026-07-08 03:15:00.110579-03');
INSERT INTO public.refresh_tokens (id, user_id, token, expires_at, revoked_at, created_at) VALUES ('aa4bc15d-7c67-4824-9939-ee76a65f1144', 'a1aec8f9-0e9f-465b-9aa8-22795b41658f', '7e9c54e37ddeed46d623c8dfcc3c4a6b4b179139a3b9c6edc651658fb5c69d63a7e42746ae196067ffbee5eceede8d655110877dfd8fb26e2bc754eb6bc0e38e', '2026-07-15 03:20:49.514-03', NULL, '2026-07-08 03:20:49.515475-03');
INSERT INTO public.refresh_tokens (id, user_id, token, expires_at, revoked_at, created_at) VALUES ('e9b186ed-265e-47a3-9ade-9cbced0811d1', 'a1aec8f9-0e9f-465b-9aa8-22795b41658f', '4f6a33947badd2380a5acb9c39062d96ce3fdfb740da4d52ecd62e3a4638072b0e2bc8bf7f89c668b98201ab873621f31fa21322a54c75668631443b87a0307c', '2026-07-15 03:23:20.364-03', '2026-07-08 03:35:02.666-03', '2026-07-08 03:23:20.365404-03');
INSERT INTO public.refresh_tokens (id, user_id, token, expires_at, revoked_at, created_at) VALUES ('3fce8d87-efe8-415e-9478-e5adac8f0bb2', 'a1aec8f9-0e9f-465b-9aa8-22795b41658f', 'f67e7e5af8649b8c38ed4639bcab4790de1e4022b0c621de2f9488dfd413d7309019134db816dd85cd32dac7e358fd5f5ac83d2895df6e4f8b8d425b8470cbfa', '2026-07-15 03:35:02.919-03', NULL, '2026-07-08 03:35:02.921646-03');
INSERT INTO public.refresh_tokens (id, user_id, token, expires_at, revoked_at, created_at) VALUES ('e642b05d-a548-42b9-b0b3-a133fe7234be', 'a1aec8f9-0e9f-465b-9aa8-22795b41658f', 'a5f29ebc9cf44220c7d1a6620dbba48f7ac2fe07ec061d8f85e73eb229b9f9b0c25686c79378b7b7123a51802fcddf6d4c707fb87d0d3154599ead7e79caa29c', '2026-07-15 03:35:46.958-03', NULL, '2026-07-08 03:35:46.958893-03');
INSERT INTO public.refresh_tokens (id, user_id, token, expires_at, revoked_at, created_at) VALUES ('757ab01f-a4ce-4034-9a0b-2fda74786ef4', 'a1aec8f9-0e9f-465b-9aa8-22795b41658f', 'b58798ec44f5f000e501a28ad7161144465dcca931c655c36ef4babe73d525842ebd2c906dcca4602ae4029d21f6c8e19a4e441dd273769083ed359c81a0a985', '2026-07-15 03:38:50.801-03', NULL, '2026-07-08 03:38:50.802411-03');
INSERT INTO public.refresh_tokens (id, user_id, token, expires_at, revoked_at, created_at) VALUES ('52e77ce2-8511-496a-8e0a-46f6334c8b41', 'a1aec8f9-0e9f-465b-9aa8-22795b41658f', '8585f178e9b4c9bfb1c1c1b947972a40159c71e0ba98145619ca86465cdb2a9c56439c2bc1da5d0a05b06382bdc0a8a1eb3c1cfad1e3ebc1932743cad4dbec1b', '2026-07-15 03:47:54.125-03', '2026-07-08 04:03:54.162-03', '2026-07-08 03:47:54.125417-03');
INSERT INTO public.refresh_tokens (id, user_id, token, expires_at, revoked_at, created_at) VALUES ('83e43894-6949-49f8-b902-9282ab510eb5', 'a1aec8f9-0e9f-465b-9aa8-22795b41658f', '9453f5607cd7b226eb632b7d841613f927484e6bd5b705cbf98d729e78b1c583d6beb6bbf7ee882a8eb8edc8bde1ffd4d3d65b44d6adb1699f0c9e2d5862a0d0', '2026-07-15 04:03:54.26-03', NULL, '2026-07-08 04:03:54.264677-03');
INSERT INTO public.refresh_tokens (id, user_id, token, expires_at, revoked_at, created_at) VALUES ('1e99d69a-6f83-4dbf-8cef-f3002fc530b9', 'a1aec8f9-0e9f-465b-9aa8-22795b41658f', '751c2179ea98585f2c37a819d545e84a6c98b89bca21136e53aacc37f4cc2f66809af188a401c4f852bce8b30eb8fd5893a65aecb02dd1f5c480c76220206761', '2026-07-15 04:09:12.786-03', '2026-07-08 04:24:54.175-03', '2026-07-08 04:09:12.789323-03');
INSERT INTO public.refresh_tokens (id, user_id, token, expires_at, revoked_at, created_at) VALUES ('c85111c8-9eb0-4276-80c4-1840b596c794', 'a1aec8f9-0e9f-465b-9aa8-22795b41658f', 'b9b29037f80276ea9b994f12bc53aafeefd5a25d894034b9bcaa74658e30fdaad31507538713bab4c73533460005a062578002023e2c7f3af2015ccb59249760', '2026-07-15 04:24:54.344-03', NULL, '2026-07-08 04:24:54.344958-03');
INSERT INTO public.refresh_tokens (id, user_id, token, expires_at, revoked_at, created_at) VALUES ('3bed6116-38c3-4e38-9079-ef07cd7faec2', 'a1aec8f9-0e9f-465b-9aa8-22795b41658f', '3130b1e1985471edb6215d2ba311a081462bf59a93b194f3f93326b1dcbf9c4f733e115ccdf605b3249ee20b4bb10d3552a6f78375c1c729e0f2cf49866f7dca', '2026-07-15 14:01:36.703-03', NULL, '2026-07-08 14:01:36.705561-03');
INSERT INTO public.refresh_tokens (id, user_id, token, expires_at, revoked_at, created_at) VALUES ('251714fc-277c-4c2f-ab7f-ee5a9d272463', 'a1aec8f9-0e9f-465b-9aa8-22795b41658f', 'b5657115c387d5cac3ec15365c7e6e03e92b838619b2f92bf83ffe31e7d124881c799f512cef9f61f8ed5b27e25bf6a67af1f890807a886e611af6864360ad6b', '2026-07-15 14:06:22.514-03', '2026-07-08 14:21:49.572-03', '2026-07-08 14:06:22.515364-03');
INSERT INTO public.refresh_tokens (id, user_id, token, expires_at, revoked_at, created_at) VALUES ('f8e038f5-d673-454a-aaa9-e0ca72957975', 'a1aec8f9-0e9f-465b-9aa8-22795b41658f', '9a6119757f939231ad5258da4bc30912841af935b9db63714c350eb4598e56d3123273bab181a57c6358da32f4a2f1681b1fe040c088b2d5fe0d8357cdf5cacb', '2026-07-15 14:21:49.691-03', NULL, '2026-07-08 14:21:49.692691-03');
INSERT INTO public.refresh_tokens (id, user_id, token, expires_at, revoked_at, created_at) VALUES ('436a44d6-07f6-4358-b83a-b6fd6b109901', 'a1aec8f9-0e9f-465b-9aa8-22795b41658f', '267d718c25bfbd84aa346647cded9f10a03a48cb0730ffb9d8dca56056cd88446a3a58b83fc959bc0b5d3550f9a5794295857e498874f83ac44bc945b17bda32', '2026-07-15 15:19:41.623-03', '2026-07-08 15:35:05.854-03', '2026-07-08 15:19:41.625639-03');
INSERT INTO public.refresh_tokens (id, user_id, token, expires_at, revoked_at, created_at) VALUES ('7dce2945-5299-4e78-a334-c1deaf8020d9', 'a1aec8f9-0e9f-465b-9aa8-22795b41658f', '6116f60542c5d95191b3d1cfda766d4ff9fce12ab5c4004c457086ddfc8bc304ccf226f57820bcb2fdb124057e135819de0ef476d03a4432ed5b2ac661b84e35', '2026-07-15 15:35:06.159-03', NULL, '2026-07-08 15:35:06.160867-03');
INSERT INTO public.refresh_tokens (id, user_id, token, expires_at, revoked_at, created_at) VALUES ('f462558f-7b1f-4684-8275-28522c08d6b5', 'a1aec8f9-0e9f-465b-9aa8-22795b41658f', '11f33762b7f79b0a5e6fb296d33f070a131755f966e9a33df631b7c5eeb3d3e337081a3a3681cd412bc5b40e09da6f0075d3aa3d84ccbed97392994d5316d282', '2026-07-15 15:51:13.235-03', '2026-07-08 16:06:14.573-03', '2026-07-08 15:51:13.237307-03');
INSERT INTO public.refresh_tokens (id, user_id, token, expires_at, revoked_at, created_at) VALUES ('dfe7e554-12e2-4adf-8187-07f058a2e5bc', 'a1aec8f9-0e9f-465b-9aa8-22795b41658f', 'b45abb86949e20bf73722dfb321dc1af72fbc3f6cd084ef855836c3f2d3ab1178baf2bffd4843ae556aa6ec390b112211936506721221004af3d5481ef76d4b6', '2026-07-15 16:06:14.642-03', NULL, '2026-07-08 16:06:14.646461-03');
INSERT INTO public.refresh_tokens (id, user_id, token, expires_at, revoked_at, created_at) VALUES ('315f5954-1da3-4a6e-b908-24bd6d2ea762', 'a1aec8f9-0e9f-465b-9aa8-22795b41658f', 'f191cf1db07c4ebeaa4a5347715b4c65f4f9f7c9114fb24664f823d527ad309755f1a327addc7576c786d3dc97b95a8a2ea9625601ef1cef0ea20714c07321a5', '2026-07-15 18:14:39.432-03', '2026-07-08 18:29:45.501-03', '2026-07-08 18:14:39.438823-03');
INSERT INTO public.refresh_tokens (id, user_id, token, expires_at, revoked_at, created_at) VALUES ('feb0f402-b901-4d1d-8127-9ca10f394b4f', 'a1aec8f9-0e9f-465b-9aa8-22795b41658f', '812728858f49dec89181dead46d5ac0d636192488365cc88eabc6754dac26e131f85c641ea912a84624965fdb41d92280961be7d1cf7c69f70ea89e50967f1a2', '2026-07-15 18:29:45.899-03', NULL, '2026-07-08 18:29:45.90181-03');
INSERT INTO public.refresh_tokens (id, user_id, token, expires_at, revoked_at, created_at) VALUES ('887e0033-922e-46b9-8f27-5231ebe0bb64', 'a1aec8f9-0e9f-465b-9aa8-22795b41658f', 'ab9a5b89c4bd0ddcdcb868409e57841cd2f04bf92c3f754790dbff99afd36c68f8f568870d9a5336c2e45f44abf245d71d2e498396b2fcc68906ea6cdc5fa0ed', '2026-07-15 18:46:11.85-03', '2026-07-08 19:01:56.127-03', '2026-07-08 18:46:11.852312-03');
INSERT INTO public.refresh_tokens (id, user_id, token, expires_at, revoked_at, created_at) VALUES ('cabc7727-bc64-4490-92b1-e1f8fb29e0d2', 'a1aec8f9-0e9f-465b-9aa8-22795b41658f', '6599700b8aaac52943ab90e3c9e85e948ef6fd80f760075afcdd555b95a3aa21d54fe933a5935bd1e5dc0c1e9a418944256d33cefe250be3791a2e5f65e845c5', '2026-07-15 19:01:56.332-03', NULL, '2026-07-08 19:01:56.332513-03');
INSERT INTO public.refresh_tokens (id, user_id, token, expires_at, revoked_at, created_at) VALUES ('4523da72-6b3a-463f-9daf-e6a95f9ccbab', 'a1aec8f9-0e9f-465b-9aa8-22795b41658f', '1714067811bbdbde85138f5d05a3a3bce25582a2e05fdc6abeaaff6abe99123491bba6f14fe8b1c091aca8c1c521d9b174d5b26502ec1cab6c79a6da255e74e1', '2026-07-15 19:33:32.664-03', '2026-07-08 19:48:36.621-03', '2026-07-08 19:33:32.70772-03');
INSERT INTO public.refresh_tokens (id, user_id, token, expires_at, revoked_at, created_at) VALUES ('c46fb3ab-16c9-4e4a-96f9-110b221cd62c', 'a1aec8f9-0e9f-465b-9aa8-22795b41658f', '03b04fe3edd9616ec2e8e62ec3ab7a59110562a453ee82300fa4beb358fda2190425ba39f896343807cde410fbc64a24f55c5a2999df7eaf5c9bc87e928df698', '2026-07-15 19:48:36.792-03', NULL, '2026-07-08 19:48:36.794601-03');
INSERT INTO public.refresh_tokens (id, user_id, token, expires_at, revoked_at, created_at) VALUES ('6921b359-35b7-4175-b71f-3aeb29a1d94d', 'a1aec8f9-0e9f-465b-9aa8-22795b41658f', '02e047fb7f3e367ac104bf93f449d9cde712144fbb9efb87178a195b696dcb51be4eab28c1ecd50924d017ea63a4e228c9cff0bbc899359ed8561b369eb9338e', '2026-07-15 21:17:53.065-03', NULL, '2026-07-08 21:17:53.101738-03');
INSERT INTO public.refresh_tokens (id, user_id, token, expires_at, revoked_at, created_at) VALUES ('7bd22fea-26be-40e3-9c5f-bc3a387320fe', 'a1aec8f9-0e9f-465b-9aa8-22795b41658f', 'cbcb15d2b72fb0047584ca547318e4dcfa1e4d1cab1a5706190b4b9e103198ad01a30f59e7b177a4450b50a3ba2c378167b6a1d3fa45d724b534d726e25ac1c4', '2026-07-15 21:36:50.396-03', NULL, '2026-07-08 21:36:50.405907-03');
INSERT INTO public.refresh_tokens (id, user_id, token, expires_at, revoked_at, created_at) VALUES ('ce20742d-c053-4d6a-b76e-48689caabebd', 'a1aec8f9-0e9f-465b-9aa8-22795b41658f', '63694a5ff88e127fa0b9bf37a85335b2a8d5821b8e6d4ebf444e85a6254f308c20a9f809c549739929e09476c1a23554c0705222ade459ffe9b0ae71d375afa1', '2026-07-15 21:54:12.984-03', NULL, '2026-07-08 21:54:12.986378-03');
INSERT INTO public.refresh_tokens (id, user_id, token, expires_at, revoked_at, created_at) VALUES ('c1a04435-9010-483c-a46a-28b3141335c7', 'a1aec8f9-0e9f-465b-9aa8-22795b41658f', '8e48531a8745dbeb66419ffec0c276f0764abcbcee5d3427c0a0500d1c78f9082e7a6aa23c731deb6878af37af10f91353b3242bf8cf224fa6a6a1c1cf28f976', '2026-07-15 21:55:54.929-03', NULL, '2026-07-08 21:55:54.933653-03');
INSERT INTO public.refresh_tokens (id, user_id, token, expires_at, revoked_at, created_at) VALUES ('f77f4e10-4f05-4f99-989d-0b708a3e3302', 'a1aec8f9-0e9f-465b-9aa8-22795b41658f', '46dcfa38843f51fc58fa28556ecf185775c288f87ef4d251ea6d356091419422d79c41055dad37afee1a4ef2f403640ce29e6feed3e64f688166038b0cd0f791', '2026-07-15 21:57:04.888-03', NULL, '2026-07-08 21:57:04.888722-03');
INSERT INTO public.refresh_tokens (id, user_id, token, expires_at, revoked_at, created_at) VALUES ('85ce4711-78cf-45ce-946d-8fc69b7462d6', 'a1aec8f9-0e9f-465b-9aa8-22795b41658f', '1bf4399f152a771cbae4c6c7b2547c57d61813704cc52a70b77f0f260a0ec2d7c98353a51bb356dcd83249d6404d85ef97f44c4081e08727677e29bd8fd507cb', '2026-07-15 22:00:02.687-03', NULL, '2026-07-08 22:00:02.688574-03');
INSERT INTO public.refresh_tokens (id, user_id, token, expires_at, revoked_at, created_at) VALUES ('739bb130-6022-4434-afff-3738eac58bae', 'a1aec8f9-0e9f-465b-9aa8-22795b41658f', '8de8b599f08ab883e11b1c1c24741a0ad59f219a555c6d34de850c36a6a6728f54e95bbb45170f89c358ccf12d7c31c8ab09ddf52aa59081b8bbc523365f9a3f', '2026-07-15 22:00:40.231-03', NULL, '2026-07-08 22:00:40.235005-03');
INSERT INTO public.refresh_tokens (id, user_id, token, expires_at, revoked_at, created_at) VALUES ('3974f05e-da9e-45f1-a792-163e5eece6af', 'a1aec8f9-0e9f-465b-9aa8-22795b41658f', '3f2b9093702567098985d70be929c1cff6e30d721d033a4b7e6b5db40d4188ad17e416024b9ab97bc44f76642345d12cd8a952f3e10c3df6faf441a882c31637', '2026-07-15 22:05:53.087-03', '2026-07-08 22:21:52.645-03', '2026-07-08 22:05:53.087387-03');
INSERT INTO public.refresh_tokens (id, user_id, token, expires_at, revoked_at, created_at) VALUES ('a83736be-b79e-410c-9fa6-57b531ce3f97', 'a1aec8f9-0e9f-465b-9aa8-22795b41658f', '2c9681a3b6058d70c02018b0fdb2ccd25a43410979a414123c8127231a7773267821bde14d37fe1acdb21d35ec22061a9d41541f40b0ce38eb09e4609f1fe596', '2026-07-15 22:21:52.737-03', NULL, '2026-07-08 22:21:52.737154-03');
INSERT INTO public.refresh_tokens (id, user_id, token, expires_at, revoked_at, created_at) VALUES ('ee35da63-3523-4ed9-98d7-86c30b35fa17', 'a1aec8f9-0e9f-465b-9aa8-22795b41658f', '6e9603502f5a83d20fd479b59e146760a7e87f97d577cf54d4cb978fe366f017b6215df84b7b755af7483aae35e371f4c452f2185495f344c2768a505cfafc34', '2026-07-15 22:58:32.975-03', NULL, '2026-07-08 22:58:32.991974-03');
INSERT INTO public.refresh_tokens (id, user_id, token, expires_at, revoked_at, created_at) VALUES ('92f4547e-b977-45b6-88cd-8e16c6097357', 'a1aec8f9-0e9f-465b-9aa8-22795b41658f', 'd7055d8c407b9b544384a5bb721e9978870446243039f8aadc6f64b6f75853fb057f21d5c1a68e6f9a38e9da49e6b4827edc21938e77e3eb3bb4ebcfae48cc4c', '2026-07-15 23:01:13.489-03', NULL, '2026-07-08 23:01:13.50143-03');
INSERT INTO public.refresh_tokens (id, user_id, token, expires_at, revoked_at, created_at) VALUES ('964c767b-9bf5-4b22-82a6-979a3572d5d9', 'a1aec8f9-0e9f-465b-9aa8-22795b41658f', '409dd154fab8adbed16b5710e1ad33318ca5496c6119ba7398556d80a735c0f1a1bf210afe9492a6f34c402b6993f9bf6d9479abd2f2fc60a40bf0482b135312', '2026-07-15 23:29:03.341-03', NULL, '2026-07-08 23:29:03.349474-03');
INSERT INTO public.refresh_tokens (id, user_id, token, expires_at, revoked_at, created_at) VALUES ('32731832-866d-4865-bdb6-6fca6fe85d95', 'a1aec8f9-0e9f-465b-9aa8-22795b41658f', '5e1d9094e82eac69cadcf698e5ae8a8a76acebfc8b052c12f774e2d9f14b9393a65b063071f364b4dd9c981bd3a589d90b545a175592dc608f7ae11af6e43a53', '2026-07-16 13:11:01.363-03', NULL, '2026-07-09 13:11:01.367051-03');
INSERT INTO public.refresh_tokens (id, user_id, token, expires_at, revoked_at, created_at) VALUES ('93d7e712-2929-4ca3-92ca-87e66e7daeae', 'a1aec8f9-0e9f-465b-9aa8-22795b41658f', 'f433026d1afe5647291593a4fcfed8a26838ed1f8dc8e733b823f91b766edcfb271ee25b97adfcd84f0dfe0f8512a0ae6007cc2fc0a510280a54232234ce0825', '2026-07-16 13:12:24.115-03', NULL, '2026-07-09 13:12:24.117817-03');
INSERT INTO public.refresh_tokens (id, user_id, token, expires_at, revoked_at, created_at) VALUES ('868223a5-f8d2-49dc-95dc-aef1111791b4', 'a1aec8f9-0e9f-465b-9aa8-22795b41658f', '7753243bf08bda47f3a530c4a753861810ff3304240c754c0bfc9442c5c8ba89d8fe4c927ae5b80eac9e039c0e6c9f3eb3dd2c02b5495aee78ddec4d0f95360d', '2026-07-16 13:32:01.764-03', NULL, '2026-07-09 13:32:01.795706-03');
INSERT INTO public.refresh_tokens (id, user_id, token, expires_at, revoked_at, created_at) VALUES ('a687adbd-25ec-4a8a-a600-307947734ca3', 'a1aec8f9-0e9f-465b-9aa8-22795b41658f', 'dd55626a49ee7b1e9137a99b4a05783e325f975381f22c55dc7674a840e14ed1ea5b1e88db60cd26a7df4e858627c69391ab365dc9075adb8b5f97bd784481d6', '2026-07-16 13:35:47.053-03', NULL, '2026-07-09 13:35:47.05562-03');
INSERT INTO public.refresh_tokens (id, user_id, token, expires_at, revoked_at, created_at) VALUES ('ba16b447-6eba-46a7-8140-f0537960d879', 'a1aec8f9-0e9f-465b-9aa8-22795b41658f', '24ea5d69ab737653d5a0311ddc4ade8076d747319ee434529377f1b2b681c4c26e40919661535c9a6349b12f0c3c0697c173fe57cd03c77b91a086fc2b28f487', '2026-07-16 14:12:10.159-03', NULL, '2026-07-09 14:12:10.194187-03');
INSERT INTO public.refresh_tokens (id, user_id, token, expires_at, revoked_at, created_at) VALUES ('d2d4a501-1b17-474b-ba91-f63dbee3f57a', 'a1aec8f9-0e9f-465b-9aa8-22795b41658f', 'f5089939e8b2671acf59443b3ffd11bcf89f6622f4e8823ca250a0a52857228b35959571dd66ac52089819e257092fdcf85f9c4c83ed575a0cf13e70a306cbc5', '2026-07-16 14:33:06.532-03', NULL, '2026-07-09 14:33:06.787494-03');
INSERT INTO public.refresh_tokens (id, user_id, token, expires_at, revoked_at, created_at) VALUES ('37136b42-b5b8-418f-9f63-dfcd6d1fe160', 'a1aec8f9-0e9f-465b-9aa8-22795b41658f', 'c5e1cc5112f6f2e8b9b9213b8ea5c008e75b878f165e770c4a6f2300de49df9f3e3de04d875c09b141fab9b7950a0f43c7ad8b7ed91624a230a424548f7ecdb9', '2026-07-16 14:37:47.74-03', NULL, '2026-07-09 14:37:47.741967-03');
INSERT INTO public.refresh_tokens (id, user_id, token, expires_at, revoked_at, created_at) VALUES ('86d55637-55cd-431b-a92a-83cd1910a90c', 'a1aec8f9-0e9f-465b-9aa8-22795b41658f', '6766c00d446bd6fa1a07338ce2050ee1cba0c581cd8ecb08f2cec455044ece41ef3e68e1e9cba4ad95b0c7af380c64a8d1b7d2a92f08f26c481acc6ab48fa926', '2026-07-16 15:04:21.455-03', NULL, '2026-07-09 15:04:21.474065-03');
INSERT INTO public.refresh_tokens (id, user_id, token, expires_at, revoked_at, created_at) VALUES ('80ec1408-2a3b-44e2-b963-e463079d1e95', '0e1bf1c8-2bc7-4858-9cf2-737feef849e8', 'c9ea53228cd0632e3140284902315264ff5a7c66d8343d915e9cadacfcb6e780951a5e2e2f728a15b8f1ae406a678e9e1c4a192cbed76fa8dd71e1226716e580', '2026-07-16 20:45:31.296-03', NULL, '2026-07-09 20:45:31.530939-03');
INSERT INTO public.refresh_tokens (id, user_id, token, expires_at, revoked_at, created_at) VALUES ('da36e8e4-e320-4464-96dc-7dee716f27d2', '0e1bf1c8-2bc7-4858-9cf2-737feef849e8', '2719feea9bf478cbf38ae3d9014b450a32b7a1475396613ecb17d5a90d39a0ff2d3c3f175c8ce74caf69e3717a6eef05d45637dcecf912ef693182bb18395d9e', '2026-07-16 20:45:39.519-03', NULL, '2026-07-09 20:45:39.519617-03');
INSERT INTO public.refresh_tokens (id, user_id, token, expires_at, revoked_at, created_at) VALUES ('58f2486b-a5f9-44ee-ac3b-a06fffbb4997', '0e1bf1c8-2bc7-4858-9cf2-737feef849e8', '95b23556d6cbe7ee9ffdf5bc4dc5f80fda920e34849e6c6d81190e64e1624621bd3b8b8285dbaaf15c8e98314d9cb8e22064703e4bca128286d591081df3fcdd', '2026-07-16 22:35:23.974-03', NULL, '2026-07-09 22:35:24.122269-03');
INSERT INTO public.blog_posts (id, title, slug, content, meta_description, author_id, published_at, created_at, updated_at, source) VALUES ('ec1c257a-f259-49f1-9d75-aaf4f90486a9', 'O Jantar Rom├óntico Perfeito: Uma Arte de Sofistica├º├úo no Universo Sugar, Luxo e Lifestyle', 'o-jantar-romantico-perfeito-uma-arte-de-sofisticacao-no-universo-sugar-luxo-e-lifestyle-8b3fef', '<img src="https://image.pollinations.ai/prompt/A%20highly%20romantic%20and%20luxurious%20dinner%20setting.%20A%20beautifully%20set%20table%20for%20two%20on%20a%20private%20balcony%20overlooking%20a%20breathtaking%20city%20skyline%20at%20sunset.%20The%20table%20is%20adorned%20with%20a%20white%20linen%20tablecloth%2C%20crystal%20glasses%2C%20silver%20cutlery%2C%20and%20a%20vibrant%20bouquet%20of%20red%20roses.%20Two%20elegant%20champagne%20flutes%20are%20filled%20with%20sparkling%20champagne.%20In%20the%20background%2C%20soft%2C%20warm%20lights%20from%20the%20city%20are%20beginning%20to%20twinkle.%20The%20atmosphere%20is%20intimate%20and%20sophisticated%2C%20with%20a%20cinematic%2C%20hyper-realistic%20quality%2C%20rich%20in%20detail%20and%20soft%2C%20romantic%20lighting.%20No%20people%20are%20visible%2C%20focusing%20on%20the%20opulent%20setting.?width=800&height=400&nologo=true" alt="O Jantar Rom├óntico Perfeito: Uma Arte de Sofistica├º├úo no Universo Sugar, Luxo e Lifestyle" class="w-full rounded-2xl mb-6 shadow-md object-cover max-h-[400px]" />\n<h1>O Jantar Rom├óntico Perfeito: Uma Arte de Sofistica├º├úo no Universo Sugar, Luxo e Lifestyle</h1>\n\n<p>No universo onde o requinte e a sofistica├º├úo ditam o ritmo, planejar um jantar rom├óntico vai muito al├®m de uma simples reserva em um restaurante. ├ë uma arte, uma orquestra├º├úo de detalhes que culmina em uma experi├¬ncia memor├ível, capaz de estreitar la├ºos e celebrar a conex├úo de forma sublime. Para aqueles que vivem o <a href="https://www.forbes.com/sites/forbeslifestyle/" target="_blank" rel="noopener noreferrer">lifestyle de luxo e relacionamentos sugar</a>, o jantar perfeito ├® a personifica├º├úo da aten├º├úo, do bom gosto e da dedica├º├úo.</p>\n\n<p>Este guia detalhado ir├í desvendar os segredos para criar um jantar rom├óntico impec├ível, transformando uma refei├º├úo em uma celebra├º├úo inesquec├¡vel de amor e apre├ºo.</p>\n\n<h2>A Escolha do Cen├írio: Onde a Magia Acontece</h2>\n\n<p>O primeiro passo para o jantar perfeito ├® a sele├º├úo do local. Ele deve ser um reflexo da exclusividade e do bom gosto que permeiam o universo sugar e de luxo. Considere as seguintes op├º├Áes:</p>\n\n<h3>Restaurantes Estrelados e Exclusivos</h3>\n\n<ul>\n    <li><strong>Michelin Stars e Guia Gault&Millau:</strong> Optar por estabelecimentos com estrelas Michelin ou reconhecidos pelo Guia Gault&Millau ├® garantia de excel├¬ncia culin├íria e servi├ºo impec├ível. Pesquise por restaurantes que ofere├ºam menus degusta├º├úo que elevem a experi├¬ncia gastron├┤mica a um novo patamar.</li>\n    <li><strong>Vistas Panor├ómicas:</strong> Um skyline deslumbrante, um p├┤r do sol sobre o oceano ou uma vista para um monumento ic├┤nico podem transformar o jantar em um espet├ículo visual. Locais como terra├ºos de hot├®is de luxo ou restaurantes em coberturas s├úo ideais.</li>\n    <li><strong>Privacidade e Ambiente:</strong> Busque por mesas mais reservadas, longe do burburinho, que permitam uma conversa ├¡ntima e descontra├¡da. A ilumina├º├úo ambiente, a m├║sica suave e a decora├º├úo elegante s├úo elementos cruciais.</li>\n</ul>\n\n<h3>Jantar Privado em Casa ou Local Exclusivo</h3>\n\n<ul>\n    <li><strong>Chef Particular:</strong> Contratar um chef particular para preparar um menu personalizado em sua resid├¬ncia ou em um local alugado exclusivamente para a ocasi├úo ├® o ├ípice da exclusividade. O chef pode criar pratos que atendam ├ás prefer├¬ncias e restri├º├Áes alimentares de ambos, enquanto voc├¬ desfruta da companhia sem preocupa├º├Áes.</li>\n    <li><strong>Decora├º├úo Personalizada:</strong> Em um ambiente privado, voc├¬ tem total controle sobre a decora├º├úo. Flores frescas, velas arom├íticas, lou├ºas finas e talheres de prata elevam a experi├¬ncia. Pense em um tema ou paleta de cores que ressoe com o gosto de seu par.</li>\n    <li><strong>Servi├ºo de Mordomia:</strong> Para um toque extra de luxo, considere contratar um servi├ºo de mordomia para cuidar de todos os detalhes, desde o servi├ºo de vinhos at├® a limpeza p├│s-jantar.</li>\n</ul>\n\n<h2>O Menu: Uma Sinfonia de Sabores</h2>\n\n<p>O menu ├® o cora├º├úo do jantar. Deve ser cuidadosamente planejado para agradar ao paladar e criar uma experi├¬ncia sensorial inesquec├¡vel.</p>\n\n<h3>Harmoniza├º├úo de Vinhos e Bebidas</h3>\n\n<ul>\n    <li><strong>Sommelier:</strong> Em restaurantes, n├úo hesite em consultar o sommelier para a harmoniza├º├úo perfeita de vinhos com cada prato. Para jantares privados, um sommelier pode ser contratado para criar uma sele├º├úo exclusiva.</li>\n    <li><strong>Champanhe e Espumantes:</strong> Comece a noite com uma ta├ºa de champanhe de alta qualidade. Marcas como Dom P├®rignon, Cristal ou Krug s├úo escolhas que denotam bom gosto e celebra├º├úo.</li>\n    <li><strong>Coquet├®is Artesanais:</strong> Se ambos apreciam coquet├®is, considere op├º├Áes artesanais que complementem o menu e o ambiente.</li>\n</ul>\n\n<h3>Pratos Exclusivos e Ingredientes de Qualidade</h3>\n\n<ul>\n    <li><strong>Ingredientes Frescos e Sazonais:</strong> D├¬ prefer├¬ncia a pratos que utilizem ingredientes frescos, sazonais e de alta qualidade. Isso garante o melhor sabor e uma experi├¬ncia gastron├┤mica superior.</li>\n    <li><strong>Prefer├¬ncias do Par:</strong> Pesquise sobre as prefer├¬ncias culin├írias de seu par. Existem alimentos que ele(a) ama ou que tem alguma restri├º├úo? Personalizar o menu demonstra aten├º├úo e carinho.</li>\n    <li><strong>Sobremesa Memor├ível:</strong> A sobremesa ├® a cereja do bolo. Opte por algo elegante e delicioso, talvez com um toque de surpresa, como um sufl├¬ de chocolate com folhas de ouro comest├¡veis ou uma sele├º├úo de queijos finos com frutas e geleias artesanais.</li>\n</ul>\n\n<h2>Os Detalhes que Fazem a Diferen├ºa: O Luxo Est├í nos Pormenores</h2>\n\n<p>No universo de luxo, a aten├º├úo aos detalhes ├® o que realmente eleva a experi├¬ncia.</p>\n\n<h3>A Etiqueta e o Comportamento</h3>\n\n<ul>\n    <li><strong>Pontualidade:</strong> Chegar no hor├írio combinado ├® um sinal de respeito e considera├º├úo.</li>\n    <li><strong>Boas Maneiras:</strong> A eleg├óncia ├á mesa, a forma de se portar e a arte da conversa├º├úo s├úo fundamentais. Consulte guias de <a href="https://www.debretts.com/" target="_blank" rel="noopener noreferrer">etiqueta moderna</a> para aprimorar seus conhecimentos.</li>\n    <li><strong>Conversa Envolvente:</strong> Prepare alguns t├│picos de conversa interessantes, mas esteja aberto(a) a ouvir e a interagir de forma genu├¡na. Evite assuntos pol├¬micos ou cansativos.</li>\n</ul>\n\n<h3>Presentes e Surpresas</h3>\n\n<ul>\n    <li><strong>Um Presente Pensado:</strong> Um presente que demonstre que voc├¬ prestou aten├º├úo aos gostos e desejos de seu par, entregue de forma elegante, pode tornar a noite ainda mais especial. Joias finas, um item de grife ou uma experi├¬ncia personalizada s├úo op├º├Áes excelentes.</li>\n    <li><strong>Flores Frescas:</strong> Um belo arranjo de flores, como rosas vermelhas ou orqu├¡deas, entregue discretamente no in├¡cio ou no final do jantar, ├® um gesto cl├íssico de romance.</li>\n    <li><strong>Transporte de Luxo:</strong> Organizar um transporte particular, como um carro com motorista, para buscar e levar seu par, adiciona um toque de exclusividade e conforto.</li>\n</ul>\n\n<h2>A Arte de Financiar o Luxo: Planejamento e Discri├º├úo</h2>\n\n<p>Planejar um jantar rom├óntico de luxo envolve um investimento significativo. A discri├º├úo e a intelig├¬ncia financeira s├úo aspectos importantes neste universo.</p>\n\n<ul>\n    <li><strong>Or├ºamento Planejado:</strong> Defina um or├ºamento realista e aloque recursos para cada aspecto do jantar: restaurante, vinhos, chef, decora├º├úo, presentes e transporte.</li>\n    <li><strong>Gerenciamento Financeiro:</strong> Mantenha suas finan├ºas organizadas para garantir que o luxo seja desfrutado sem preocupa├º├Áes. Recursos sobre <a href="https://www.investopedia.com/personal-finance-4427760" target="_blank" rel="noopener noreferrer">gest├úo de finan├ºas pessoais</a> podem ser ├║teis.</li>\n    <li><strong>Discri├º├úo nas Transa├º├Áes:</strong> Mantenha a discri├º├úo em rela├º├úo aos valores envolvidos. O foco deve ser na experi├¬ncia e na conex├úo, n├úo no custo.</li>\n</ul>\n\n<h2>Conclus├úo: A Celebra├º├úo da Conex├úo</h2>\n\n<p>O jantar rom├óntico perfeito no universo sugar, luxo e lifestyle ├® mais do que uma refei├º├úo; ├® uma declara├º├úo. ├ë a manifesta├º├úo do apre├ºo, do bom gosto e da capacidade de criar momentos inesquec├¡veis. Ao orquestrar cada detalhe com maestria, voc├¬ n├úo apenas desfruta de uma noite de requinte, mas tamb├®m fortalece a conex├úo, construindo mem├│rias que perdurar├úo muito al├®m da ├║ltima ta├ºa de champanhe. Lembre-se, o verdadeiro luxo reside na capacidade de proporcionar experi├¬ncias que tocam a alma e celebram a beleza dos relacionamentos.</p>', 'Explore como planejar o jantar rom├óntico perfeito no universo sugar e de luxo. Dicas sobre locais, menus, etiqueta e detalhes que elevam a experi├¬ncia.', NULL, '2026-07-09 14:40:31.250015-03', '2026-07-09 14:40:31.250015-03', '2026-07-09 14:40:31.250015-03', 'ai_manual');
INSERT INTO public.blog_posts (id, title, slug, content, meta_description, author_id, published_at, created_at, updated_at, source) VALUES ('34bf385f-9c49-46ac-8d83-0adff206d393', 'Navegando com Eleg├óncia: Evitando Armadilhas e Protegendo Sua Privacidade no Universo Sugar', 'navegando-com-elegancia-evitando-armadilhas-e-protegendo-sua-privacidade-no-universo-sugar-68874a', '<img src="https://image.pollinations.ai/prompt/A%20sophisticated%2C%20high-end%2C%20cinematic%20wide%20shot%20of%20a%20luxurious%20private%20jet%20interior%2C%20with%20a%20partially%20visible%20elegant%20woman%20(Sugar%20Baby%20type%2C%2020s-30s%2C%20dressed%20in%20designer%20clothes)%20and%20a%20distinguished%20older%20man%20(Sugar%20Daddy%20type%2C%2050s-60s%2C%20dressed%20in%20a%20bespoke%20suit)%20subtly%20interacting.%20They%20are%20holding%20champagne%20flutes.%20The%20lighting%20is%20warm%20and%20golden%2C%20reflecting%20off%20polished%20wood%20and%20plush%20leather.%20There%20are%20hints%20of%20a%20beautiful%2C%20distant%20cityscape%20through%20the%20window%20at%20sunset.%20The%20atmosphere%20is%20one%20of%20discreet%20opulence%2C%20trust%2C%20and%20mutual%20respect%2C%20with%20a%20subtle%20undertone%20of%20intelligence%20and%20caution%20in%20their%20expressions.%20Ultra-realistic%2C%20high%20detail.%20Focus%20on%20the%20luxurious%20environment%20and%20the%20subtle%20human%20interaction%2C%20without%20being%20explicit.%20Emphasize%20the%20feeling%20of%20security%20and%20sophistication.?width=800&height=400&nologo=true" alt="Navegando com Eleg├óncia: Evitando Armadilhas e Protegendo Sua Privacidade no Universo Sugar" class="w-full rounded-2xl mb-6 shadow-md object-cover max-h-[400px]" />\n<h1>Navegando com Eleg├óncia: Evitando Armadilhas e Protegendo Sua Privacidade no Universo Sugar</h1>\n\n<p>O universo sugar, com sua promessa de luxo, experi├¬ncias inesquec├¡veis e um estilo de vida sofisticado, atrai muitos. Seja voc├¬ um Sugar Daddy ou uma Sugar Baby, a ideia de um relacionamento mutuamente ben├®fico, onde a generosidade e a companhia se encontram, ├® inegavelmente sedutora. No entanto, como em qualquer cen├írio que envolve transa├º├Áes financeiras e expectativas pessoais, ├® crucial abordar este mundo com discernimento, intelig├¬ncia e, acima de tudo, um foco inabal├ível na sua seguran├ºa e privacidade. Este guia detalhado foi elaborado para ajud├í-lo a navegar por essas ├íguas com eleg├óncia, evitando armadilhas e garantindo que sua jornada seja t├úo gratificante quanto segura.</p>\n\n<h2>Compreendendo o Cen├írio: Expectativas e Realidade</h2>\n\n<p>Antes de mergulhar, ├® essencial ter uma compreens├úo clara do que o universo sugar realmente ├® ÔÇô e o que n├úo ├®. N├úo se trata de um conto de fadas sem desafios, mas sim de um ambiente que exige maturidade, comunica├º├úo clara e limites bem definidos.</p>\n\n<h3>Definindo Seus Limites e Expectativas</h3>\n<ul>\n    <li><strong>Autoconhecimento ├® Chave:</strong> Antes de interagir com qualquer pessoa, defina o que voc├¬ busca, o que est├í disposto a oferecer e, mais importante, o que ├® inegoci├ível. Isso se aplica tanto a Sugar Daddies quanto a Sugar Babies.</li>\n    <li><strong>Comunica├º├úo Transparente:</strong> Desde o primeiro contato, seja claro sobre suas expectativas em rela├º├úo a encontros, frequ├¬ncia, tipo de apoio (seja financeiro, mentoria, viagens) e a natureza do relacionamento. A ambiguidade ├® um terreno f├®rtil para desentendimentos e frustra├º├Áes.</li>\n    <li><strong>Pesquise e Escolha Plataformas Confi├íveis:</strong> Utilize sites de relacionamento sugar renomados e com boa reputa├º├úo. Embora nenhum site seja 100% ├á prova de falhas, plataformas estabelecidas geralmente investem mais em seguran├ºa e modera├º├úo.</li>\n</ul>\n\n<h2>Estrat├®gias para Evitar Golpes e Fraudes</h2>\n\n<p>Os golpes podem assumir diversas formas no mundo sugar, desde perfis falsos at├® esquemas financeiros mais elaborados. Estar ciente das t├íticas comuns ├® sua primeira linha de defesa.</p>\n\n<h3>Reconhecendo Sinais de Alerta (Red Flags)</h3>\n<ul>\n    <li><strong>Pressa Excessiva:</strong> Algu├®m que tenta apressar o relacionamento para um encontro ou para uma transa├º├úo financeira antes de estabelecer uma conex├úo genu├¡na.</li>\n    <li><strong>Hist├│rias Inconsistentes:</strong> Preste aten├º├úo a detalhes que n├úo se encaixam ou mudam com o tempo. Golpistas frequentemente t├¬m dificuldades em manter suas hist├│rias.</li>\n    <li><strong>Pedidos Financeiros Incomuns:</strong> Desconfie de pedidos para enviar dinheiro para terceiros, pagar contas de emerg├¬ncia, taxas de processamento ou qualquer solicita├º├úo financeira que pare├ºa fora do contexto de um relacionamento sugar genu├¡no. Um Sugar Daddy leg├¡timo oferece apoio, n├úo pede.</li>\n    <li><strong>Recusa em se Encontrar em P├║blico:</strong> Se a pessoa evita encontros em locais p├║blicos ou por videochamada, isso pode ser um sinal de que algo est├í errado.</li>\n    <li><strong>Fotos Suspeitas:</strong> Perfis com apenas uma foto de baixa qualidade, fotos gen├®ricas de banco de imagens ou fotos que parecem ter sido roubadas de celebridades.</li>\n    <li><strong>Linguagem Excessivamente Formal ou Estranha:</strong> Golpistas podem usar tradutores autom├íticos, resultando em uma linguagem rob├│tica ou gramaticalmente incorreta.</li>\n    <li><strong>Ofertas Boas Demais Para Serem Verdade:</strong> Se a oferta parece irrealmente generosa para um relacionamento rec├®m-iniciado, provavelmente ├®.</li>\n</ul>\n\n<h3>Medidas Pr├íticas de Seguran├ºa</h3>\n<ul>\n    <li><strong>Verifica├º├úo de Perfil:</strong> Muitos sites oferecem op├º├Áes de verifica├º├úo de identidade. Incentive e utilize-as.</li>\n    <li><strong>Pesquisa Reversa de Imagem:</strong> Use ferramentas como o Google Imagens para verificar se as fotos do perfil foram usadas em outros lugares da internet, o que pode indicar um perfil falso.</li>\n    <li><strong>Primeiro Encontro em Local P├║blico:</strong> Sempre. Escolha um restaurante, caf├® ou bar movimentado. Informe um amigo ou familiar sobre seus planos e a localiza├º├úo.</li>\n    <li><strong>Evite Compartilhar Informa├º├Áes Pessoais Sens├¡veis:</strong> Nunca divulgue seu endere├ºo residencial, informa├º├Áes banc├írias completas (n├║mero da conta, senhas), CPF ou n├║meros de documentos de identidade para algu├®m que voc├¬ acabou de conhecer.</li>\n    <li><strong>N├úo Clique em Links Suspeitos:</strong> Golpistas podem enviar links para sites de phishing que tentam roubar suas credenciais.</li>\n    <li><strong>Entenda os M├®todos de Pagamento:</strong> Prefira m├®todos de pagamento que ofere├ºam alguma prote├º├úo ou que n├úo revelem suas informa├º├Áes banc├írias diretas, como transfer├¬ncias banc├írias diretas (com cautela), ou plataformas de pagamento seguras. Evite cheques, especialmente de valores altos, que podem ser fraudados.</li>\n</ul>\n\n<h2>Protegendo Sua Privacidade e Reputa├º├úo</h2>\n\n<p>A privacidade ├® um ativo inestim├ível. No mundo sugar, onde a discri├º├úo muitas vezes ├® valorizada, proteg├¬-la ├® fundamental.</p>\n\n<h3>Gerenciamento de Informa├º├Áes Pessoais</h3>\n<ul>\n    <li><strong>Use um E-mail e N├║mero de Telefone Separados:</strong> Considere criar um e-mail e adquirir um n├║mero de telefone pr├®-pago ou virtual para seus contatos iniciais no universo sugar.</li>\n    <li><strong>Seja Cauteloso com as Redes Sociais:</strong> Evite conectar seus perfis de redes sociais pessoais com seu perfil sugar. Golpistas podem usar essas informa├º├Áes para engenharia social ou para exp├┤-lo.</li>\n    <li><strong>Mantenha o Anonimato Inicial:</strong> N├úo revele seu nome completo, sobrenome, local de trabalho exato ou outras informa├º├Áes de identifica├º├úo exclusivas at├® que voc├¬ se sinta confort├ível e tenha estabelecido um n├¡vel de confian├ºa.</li>\n    <li><strong>Desconecte-se de Ferramentas de Localiza├º├úo:</strong> Ao se encontrar com algu├®m novo, desative a localiza├º├úo em seus aplicativos de celular que possam revelar sua presen├ºa ou rotas habituais.</li>\n</ul>\n\n<h3>Conduzindo Encontros com Discri├º├úo</h3>\n<ul>\n    <li><strong>Escolha Locais Discretos:</strong> Ao planejar encontros, opte por locais que ofere├ºam privacidade, mas que ainda sejam p├║blicos o suficiente para sua seguran├ºa.</li>\n    <li><strong>Evite Falar Sobre o Relacionamento com Terceiros:</strong> A discri├º├úo ├® uma via de m├úo dupla. Evite compartilhar detalhes do seu relacionamento sugar com amigos ou familiares que n├úo compreendem a din├ómica, para proteger tanto a sua privacidade quanto a do seu parceiro.</li>\n    <li><strong>Considere Acordos de Confidencialidade:</strong> Para relacionamentos de alto perfil ou com preocupa├º├Áes significativas de privacidade, um acordo de confidencialidade (NDA) pode ser uma op├º├úo para proteger informa├º├Áes sens├¡veis.</li>\n</ul>\n\n<h2>Etiqueta e Comportamento no Mundo Sugar</h2>\n\n<p>A sofistica├º├úo n├úo se manifesta apenas em presentes e viagens luxuosas, mas tamb├®m na maneira como voc├¬ se comporta e interage. A etiqueta ├® crucial para construir relacionamentos respeitosos e duradouros.</p>\n\n<h3>Construindo Relacionamentos S├│lidos</h3>\n<ul>\n    <li><strong>Seja Pontual e Respeitoso:</strong> O tempo ├® um bem valioso. Chegar no hor├írio e demonstrar respeito pelas agendas um do outro ├® fundamental.</li>\n    <li><strong>Maneiras ├á Mesa:</strong> Conhecer as <a href="https://www.vogue.com.br/lifestyle/noticia/2019/08/etiqueta-e-bons-modos-praticas-que-nunca-saem-de-moda.html" target="_blank" rel="noopener noreferrer">regras b├ísicas de etiqueta ├á mesa</a> ├® um diferencial, especialmente em jantares finos.</li>\n    <li><strong>Aprecie a Generosidade:</strong> Expresse gratid├úo de forma genu├¡na. Um simples ÔÇ£obrigadoÔÇØ ou um gesto atencioso pode fazer uma grande diferen├ºa.</li>\n    <li><strong>Seja Interessante e Interessado:</strong> Mantenha conversas engajadoras, demonstre curiosidade sobre os interesses do seu parceiro e esteja disposto a compartilhar os seus.</li>\n    <li><strong>Gerenciamento Financeiro Pessoal:</strong> Para Sugar Babies, ter uma boa compreens├úo de <a href="https://www.serasa.com.br/limpa-nome-online/blog/como-organizar-suas-financas-pessoais-em-5-passos/" target="_blank" rel="noopener noreferrer">finan├ºas pessoais</a> e como gerenciar o apoio recebido ├® crucial para garantir que ele contribua para seus objetivos de longo prazo.</li>\n</ul>\n\n<h2>Conclus├úo: Discernimento e Eleg├óncia</h2>\n\n<p>Navegar no universo sugar exige uma combina├º├úo de discernimento, intelig├¬ncia emocional e uma postura elegante. Ao adotar uma abordagem cautelosa, comunicar-se abertamente, proteger sua privacidade e praticar a etiqueta adequada, voc├¬ pode desfrutar de um relacionamento sugar que ├® n├úo apenas luxuoso e gratificante, mas tamb├®m seguro e respeitoso. Lembre-se, a verdadeira sofistica├º├úo reside na capacidade de se proteger e prosperar, mantendo sua integridade e paz de esp├¡rito.</p>\n', 'Guia completo para evitar golpes e proteger sua privacidade no universo sugar. Aprenda a navegar com seguran├ºa, discernimento e eleg├óncia neste mundo de luxo e lifestyle.', NULL, '2026-07-09 14:41:05.113845-03', '2026-07-09 14:41:05.113845-03', '2026-07-09 14:41:05.113845-03', 'ai_manual');
INSERT INTO public.blog_posts (id, title, slug, content, meta_description, author_id, published_at, created_at, updated_at, source) VALUES ('b0f30df7-e716-4553-a477-8b4cd9425637', 'A Arte de Presentear no Universo Sugar: Experi├¬ncias Exclusivas vs. Bens Materiais', 'a-arte-de-presentear-no-universo-sugar-experiencias-exclusivas-vs-bens-materiais-dec3fe', '<img src="https://image.pollinations.ai/prompt/A%20sophisticated%20couple%2C%20a%20successful%20businesswoman%20in%20a%20chic%20power%20suit%20and%20an%20elegant%20man%20in%20a%20tailored%20suit%2C%20are%20exchanging%20gifts%20in%20a%20lavish%20penthouse%20apartment%20overlooking%20a%20glittering%20city%20skyline%20at%20sunset.%20The%20woman%20holds%20a%20small%2C%20exquisitely%20wrapped%20jewelry%20box%2C%20while%20the%20man%20gestures%20towards%20a%20panoramic%20window%20revealing%20a%20private%20jet%20waiting%20on%20a%20distant%20tarmac.%20The%20scene%20is%20filled%20with%20warm%2C%20golden%20hour%20light%2C%20reflecting%20off%20expensive%20finishes%20and%20designer%20furniture.%20The%20atmosphere%20is%20one%20of%20understated%20luxury%2C%20romance%2C%20and%20mutual%20appreciation.%20Photorealistic%2C%20cinematic%2C%20ultra%20detailed%2C%20high%20resolution.?width=800&height=400&nologo=true" alt="A Arte de Presentear no Universo Sugar: Experi├¬ncias Exclusivas vs. Bens Materiais" class="w-full rounded-2xl mb-6 shadow-md object-cover max-h-[400px]" />\n<html>\n<head>\n<meta charset="UTF-8">\n<meta name="viewport" content="width=device-width, initial-scale=1.0">\n<title>A Arte de Presentear no Universo Sugar: Experi├¬ncias Exclusivas vs. Bens Materiais</title>\n</head>\n<body>\n\n<h1>A Arte de Presentear no Universo Sugar: Experi├¬ncias Exclusivas vs. Bens Materiais</h1>\n\n<p>No intrincado e fascinante universo dos relacionamentos Sugar, onde o luxo e o lifestyle se entrela├ºam com conex├Áes genu├¡nas, a arte de presentear transcende a mera transa├º├úo. N├úo se trata apenas de oferecer algo, mas sim de comunicar valor, apre├ºo e, acima de tudo, compreens├úo do que realmente importa para a outra pessoa. Neste contexto, surge uma quest├úo fundamental: o que ├® mais impactante e memor├ível ÔÇô <strong>experi├¬ncias exclusivas ou bens materiais de alto valor?</strong></p>\n\n<p>Exploraremos as nuances dessa escolha, mergulhando nas motiva├º├Áes e nos resultados de cada abordagem, sempre sob a ├│tica da sofistica├º├úo e do bom gosto que caracterizam o lifestyle Sugar.</p>\n\n<h2>A Sedu├º├úo dos Bens Materiais: O Prazer Tang├¡vel</h2>\n\n<p>N├úo h├í como negar o apelo de um presente material luxuoso. Uma joia de design assinado, um rel├│gio de alta relojoaria, uma bolsa de grife ou um carro esportivo s├úo s├¡mbolos de status, sucesso e, para muitos, de um desejo realizado. A posse de um item exclusivo confere um prazer imediato e tang├¡vel, um lembrete constante do cuidado e da generosidade do parceiro.</p>\n\n<h3>O Impacto Psicol├│gico dos Bens de Luxo</h3>\n<ul>\n    <li><strong>Status e Reconhecimento:</strong> Bens de luxo s├úo frequentemente associados a um determinado patamar social, conferindo prest├¡gio e reconhecimento.</li>\n    <li><strong>Autoestima e Confian├ºa:</strong> Receber um presente valioso pode impulsionar a autoestima e a sensa├º├úo de ser valorizado.</li>\n    <li><strong>Durabilidade e Mem├│ria:</strong> Ao contr├írio de uma experi├¬ncia que passa, um bem material permanece, servindo como uma lembran├ºa duradoura do relacionamento.</li>\n</ul>\n\n<p>Contudo, ├® crucial que o presente material seja escolhido com discernimento e conhecimento dos gostos do parceiro. Um presente gen├®rico, por mais caro que seja, pode parecer impessoal. A chave reside em demonstrar que houve <a href="https://www.forbes.com/sites/forbescommunicationscouncil/2021/04/21/the-art-of-thoughtful-gifting-how-to-make-your-presents-memorable/?sh=35c6e88d6c7b" target="_blank" rel="noopener noreferrer">reflex├úo e aten├º├úo aos detalhes</a>.</p>\n\n<h2>Experi├¬ncias Exclusivas: A Riqueza das Mem├│rias</h2>\n\n<p>Em contraste com a tangibilidade dos bens materiais, as experi├¬ncias exclusivas oferecem algo mais ef├¬mero, por├®m, muitas vezes, mais profundo e duradouro: <strong>mem├│rias inesquec├¡veis</strong>. Uma viagem de luxo a um destino ex├│tico, um jantar em um restaurante Michelin-starred, um show particular, um curso de culin├íria com um chef renomado ou at├® mesmo uma aventura esportiva radical ÔÇô estas s├úo oportunidades de criar la├ºos, explorar o mundo e vivenciar momentos ├║nicos.</p>\n\n<h3>Por Que Experi├¬ncias Conquistam Cora├º├Áes?</h3>\n<ul>\n    <li><strong>Conex├úo Emocional:</strong> Experi├¬ncias compartilhadas fortalecem a conex├úo e a intimidade entre os parceiros.</li>\n    <li><strong>Novidade e Crescimento:</strong> Elas proporcionam a oportunidade de sair da rotina, aprender algo novo e expandir horizontes.</li>\n    <li><strong>Hist├│rias para Contar:</strong> Ao inv├®s de um objeto, a experi├¬ncia se transforma em uma hist├│ria rica e pessoal, que pode ser revisitada e compartilhada.</li>\n    <li><strong>Bem-Estar Duradouro:</strong> Estudos mostram que investir em experi├¬ncias pode levar a um bem-estar mais duradouro do que investir em bens materiais.</li>\n</ul>\n\n<p>Imagine um fim de semana em um hotel boutique nas Maldivas, com jantares ├á beira-mar e mergulhos em ├íguas cristalinas. Ou talvez um tour privado de arte em Floren├ºa, seguido de um voo de helic├│ptero sobre a Toscana. Essas s├úo mais do que viagens; s├úo imers├Áes culturais e sensoriais que enriquecem a alma.</p>\n\n<p>Para aqueles que buscam inspira├º├úo em destinos de luxo, recursos como <a href="https://www.cntraveler.com/" target="_blank" rel="noopener noreferrer">Cond├® Nast Traveler</a> ou <a href="https://www.travelandleisure.com/" target="_blank" rel="noopener noreferrer">Travel + Leisure</a> podem ser excelentes pontos de partida.</p>\n\n<h2>A Harmoniza├º├úo Perfeita: O Melhor dos Dois Mundos</h2>\n\n<p>A verdadeira arte de presentear no universo Sugar reside, muitas vezes, na capacidade de <strong>combinar o melhor dos dois mundos</strong>. Que tal uma joia exclusiva entregue durante um jantar rom├óntico em Paris? Ou um rel├│gio de edi├º├úo limitada, presenteado antes de embarcarem em um iate particular para um cruzeiro pelas ilhas gregas?</p>\n\n<p>Essa abordagem h├¡brida maximiza o impacto, unindo a tangibilidade e o valor duradouro do bem material com a riqueza emocional e as mem├│rias de uma experi├¬ncia inesquec├¡vel. ├ë a prova de que o Sugar Daddy ou Sugar Mama n├úo apenas compreende os desejos mais profundos, mas tamb├®m est├í disposto(a) a ir al├®m para realiz├í-los de forma espetacular.</p>\n\n<h3>Estrat├®gias para um Presente Inesquec├¡vel</h3>\n<ul>\n    <li><strong>Conhe├ºa Profundamente o Parceiro:</strong> Observe seus hobbies, paix├Áes, sonhos e aspira├º├Áes. O presente mais valioso ├® aquele que ressoa com a alma da pessoa.</li>\n    <li><strong>Aposte na Personaliza├º├úo:</strong> Um presente personalizado demonstra aten├º├úo e cuidado, seja um item gravado ou uma experi├¬ncia sob medida.</li>\n    <li><strong>Considere o Momento:</strong> A surpresa e o timing podem elevar o valor percebido do presente, transformando um bom presente em algo ├®pico.</li>\n    <li><strong>Priorize a Qualidade:</strong> No universo do luxo, a qualidade ├® primordial. Seja um bem material ou uma experi├¬ncia, a excel├¬ncia deve ser a base.</li>\n</ul>\n\n<p>A etiqueta no universo Sugar, como em qualquer relacionamento, ├® fundamental. Saber como presentear e como receber um presente com gratid├úo e eleg├óncia ├® parte integrante do jogo. Para aprimorar a compreens├úo sobre a <a href="https://www.debretts.com/expertise/etiquette/" target="_blank" rel="noopener noreferrer">etiqueta moderna e o comportamento social</a>, recursos como Debrett''s podem ser esclarecedores.</p>\n\n<h2>Conclus├úo: Mais do Que Valor, Significado</h2>\n\n<p>Em ├║ltima an├ílise, a decis├úo entre experi├¬ncias exclusivas e bens materiais n├úo ├® uma quest├úo de certo ou errado, mas sim de <strong>significado e inten├º├úo</strong>. Ambos t├¬m seu lugar e seu valor no universo dos relacionamentos Sugar.</p>\n\n<p>Um Sugar Daddy ou Sugar Mama bem-sucedido e atencioso entende que o verdadeiro luxo n├úo reside apenas no pre├ºo de um item ou no custo de uma viagem. Ele se manifesta na capacidade de criar momentos, de realizar sonhos e de proporcionar uma vida de abund├óncia e alegria. A arte de presentear, nesse contexto, ├® um reflexo do compromisso, da generosidade e do profundo apre├ºo que um parceiro tem pelo outro.</p>\n\n<p>Ao escolher entre uma joia cintilante e uma viagem inesquec├¡vel, lembre-se de que o mais importante ├® o cora├º├úo por tr├ís do gesto. ├ë a inten├º├úo de enriquecer a vida do outro, de proporcionar felicidade e de construir mem├│rias que perdurar├úo muito al├®m do brilho de um diamante ou da vista de um p├┤r do sol em um destino paradis├¡aco.</p>\n\n</body>\n</html>', 'Explore a arte de presentear em relacionamentos Sugar: experi├¬ncias exclusivas vs. bens materiais de luxo. Descubra qual op├º├úo cria mais impacto e significado.', NULL, '2026-07-09 15:05:14.466639-03', '2026-07-09 15:05:14.466639-03', '2026-07-09 15:05:14.466639-03', 'ai_manual');
INSERT INTO public.blog_posts (id, title, slug, content, meta_description, author_id, published_at, created_at, updated_at, source) VALUES ('485a25fa-c8af-4141-ad04-085304d0d325', 'O Brilho Indom├ível: Bolsas de Grife e Rel├│gios - Presentes que Encantam no Universo Sugar, Luxo e Lifestyle', 'o-brilho-indomavel-bolsas-de-grife-e-relogios---presentes-que-encantam-no-universo-sugar-luxo-e-lifestyle-2fc626', '<img src="https://image.pollinations.ai/prompt/A%20highly%20detailed%2C%20photorealistic%2C%20cinematic%20shot%20of%20a%20luxurious%20display.%20In%20the%20foreground%2C%20a%20pristine%20Herm%C3%A8s%20Birkin%20bag%20in%20a%20vibrant%20color%20like%20''Togo%20Orange''%20or%20''Rouge%20H''%2C%20meticulously%20crafted%2C%20with%20its%20iconic%20hardware%20gleaming.%20Beside%20it%2C%20a%20sophisticated%20Patek%20Philippe%20Calatrava%20or%20a%20Rolex%20Daytona%20watch%2C%20showcasing%20its%20intricate%20dial%20and%20polished%20case%2C%20resting%20elegantly%20on%20a%20soft%2C%20dark%20velvet%20cushion.%20The%20background%20is%20softly%20blurred%2C%20hinting%20at%20an%20opulent%20boutique%20interior%20with%20subtle%20lighting%2C%20perhaps%20a%20glimpse%20of%20other%20high-end%20accessories.%20The%20lighting%20should%20be%20dramatic%20and%20warm%2C%20highlighting%20the%20textures%20and%20shine%20of%20the%20items.%20Ultra-high%20resolution%2C%20sharp%20focus%20on%20the%20products%2C%20rich%20colors%2C%20and%20a%20sense%20of%20exclusive%20luxury.?width=800&height=400&nologo=true" alt="O Brilho Indom├ível: Bolsas de Grife e Rel├│gios - Presentes que Encantam no Universo Sugar, Luxo e Lifestyle" class="w-full rounded-2xl mb-6 shadow-md object-cover max-h-[400px]" />\n<h2>O Brilho Indom├ível: Bolsas de Grife e Rel├│gios - Presentes que Encantam no Universo Sugar, Luxo e Lifestyle</h2>\n\n<p>No universo onde o luxo se entrela├ºa com o lifestyle, e os relacionamentos se pautam pela sofistica├º├úo e generosidade, a escolha do presente ideal transcende a mera formalidade. Torna-se uma declara├º├úo, um s├¡mbolo de apre├ºo e um reflexo do bom gosto. Neste cen├írio, poucas categorias de presentes evocam tanto fasc├¡nio e desejo quanto as <strong>bolsas de grife</strong> e os <strong>rel├│gios de alta relojoaria</strong>. Eles n├úo s├úo apenas acess├│rios; s├úo investimentos, heran├ºas e, acima de tudo, pe├ºas de arte que adornam e elevam o status.</p>\n\n<p>Para aqueles que navegam pelo universo <a href="https://www.forbes.com/sites/forbescommunicationscouncil/2021/04/14/the-rise-of-the-sugar-dating-economy-and-what-it-means-for-mainstream-businesses/" target="_blank" rel="noopener noreferrer">Sugar</a>, a generosidade ├® um pilar fundamental. Mas n├úo se trata apenas de valor monet├írio; a curadoria e a inten├º├úo por tr├ís do presente s├úo o que realmente o tornam inesquec├¡vel. Uma bolsa Herm├¿s Birkin ou um rel├│gio Rolex n├úo s├úo apenas objetos; s├úo chaves que abrem portas para um mundo de exclusividade e reconhecimento social.</p>\n\n<h3>A Magia das Bolsas de Grife: Mais que um Acess├│rio, um S├¡mbolo</h3>\n\n<p>Uma bolsa de grife ├® muito mais do que um recipiente para guardar pertences. ├ë um item de desejo, um s├¡mbolo de status e um investimento inteligente. Marcas como <strong>Chanel, Herm├¿s, Louis Vuitton, Dior e Gucci</strong> criam pe├ºas que s├úo verdadeiras obras de arte, com design impec├ível, materiais de alt├¡ssima qualidade e um artesanato que beira a perfei├º├úo. Presentear uma bolsa dessas ├® oferecer um peda├ºo da hist├│ria da moda e um passaporte para um c├¡rculo de eleg├óncia.</p>\n\n<ul>\n    <li><strong>Chanel Classic Flap:</strong> Um ├¡cone atemporal, reconhecido por seu quilting caracter├¡stico e o monograma CC entrela├ºado. Presentear uma Chanel ├® sin├┤nimo de eleg├óncia cl├íssica e bom gosto inquestion├ível.</li>\n    <li><strong>Herm├¿s Birkin/Kelly:</strong> O ├ípice do luxo e exclusividade. Com listas de espera que podem durar anos e um valor que s├│ se aprecia, uma Birkin ou Kelly ├® um presente que transcende o material, tornando-se um legado.</li>\n    <li><strong>Louis Vuitton Speedy/Neverfull:</strong> Pe├ºas vers├íteis e reconhec├¡veis, ideais para o dia a dia com um toque de sofistica├º├úo. A durabilidade e o design cl├íssico as tornam escolhas excelentes para quem aprecia a praticidade sem abrir m├úo do estilo.</li>\n    <li><strong>Dior Lady Dior:</strong> Elegante e feminino, com seu padr├úo cannage e os charms met├ílicos. ├ë a personifica├º├úo da feminilidade refinada e um presente que certamente encantar├í.</li>\n</ul>\n\n<p>Ao escolher uma bolsa, considere o estilo pessoal e o estilo de vida da pessoa. Uma bolsa para o dia a dia pode ser diferente de uma para eventos especiais. A cor, o material (couro, ex├│ticos) e o tamanho s├úo detalhes que fazem toda a diferen├ºa na percep├º├úo e no uso da pe├ºa.</p>\n\n<h3>Rel├│gios de Alta Relojoaria: Medindo o Tempo com Distin├º├úo</h3>\n\n<p>Um rel├│gio de alta relojoaria ├® uma joia de engenharia, um testemunho da precis├úo e da beleza mec├ónica. No pulso, ele n├úo apenas marca o tempo, mas tamb├®m declara a personalidade e o status de quem o usa. Marcas como <strong>Rolex, Patek Philippe, Audemars Piguet e Cartier</strong> s├úo sin├┤nimos de excel├¬ncia e prest├¡gio.</p>\n\n<ul>\n    <li><strong>Rolex Submariner/Datejust:</strong> Robustos, ic├┤nicos e com uma hist├│ria rica, os Rolex s├úo s├¡mbolos de sucesso e aventura. Um presente que fala por si, sem a necessidade de palavras.</li>\n    <li><strong>Patek Philippe Calatrava/Nautilus:</strong> A ep├¡tome da relojoaria fina. Um Patek Philippe ├® frequentemente passado de gera├º├úo em gera├º├úo, um verdadeiro tesouro familiar que representa a mais alta forma de artesanato e design.</li>\n    <li><strong>Audemars Piguet Royal Oak:</strong> Com seu design octogonal e integrado, o Royal Oak ├® um ├¡cone de luxo esportivo, perfeito para quem aprecia um estilo arrojado e distinto.</li>\n    <li><strong>Cartier Tank/Santos:</strong> Com uma eleg├óncia atemporal e um design que marcou ├®poca, os rel├│gios Cartier s├úo perfeitos para quem busca sofistica├º├úo com um toque de hist├│ria e glamour.</li>\n</ul>\n\n<p>A escolha de um rel├│gio deve levar em conta o estilo de vida da pessoa, seja ela mais formal, esportiva ou casual. A mec├ónica (autom├ítico, quartzo), o material da caixa (ouro, a├ºo, platina) e as complica├º├Áes (cron├│grafo, fases da lua) s├úo aspectos que agregam valor e personaliza├º├úo ao presente.</p>\n\n<h3>A Arte de Presentear no Universo Sugar e Lifestyle</h3>\n\n<p>No contexto de um relacionamento Sugar, o ato de presentear ├® uma forma de expressar apre├ºo, cuidado e generosidade. N├úo ├® apenas sobre o valor do item, mas sobre a considera├º├úo e o conhecimento do gosto da outra pessoa. Um presente bem escolhido fortalece o v├¡nculo e demonstra que a pessoa ├® valorizada e compreendida.</p>\n\n<p><strong>Dicas para Presentear com Maestria:</strong></p>\n<ul>\n    <li><strong>Observe e Escute:</strong> Preste aten├º├úo aos desejos e prefer├¬ncias da pessoa. Ela j├í mencionou alguma marca ou modelo espec├¡fico?</li>\n    <li><strong>Pesquise:</strong> Informe-se sobre as ├║ltimas cole├º├Áes, pe├ºas ic├┤nicas e tend├¬ncias. O conhecimento demonstra dedica├º├úo.</li>\n    <li><strong>Personalize:</strong> Sempre que poss├¡vel, adicione um toque pessoal, seja uma grava├º├úo discreta no rel├│gio ou uma cor de bolsa que ela adora.</li>\n    <li><strong>Apresenta├º├úo:</strong> A embalagem de um presente de luxo ├® parte da experi├¬ncia. Certifique-se de que a apresenta├º├úo seja impec├ível.</li>\n    <li><strong>Considere a Ocasi├úo:</strong> Anivers├írios, datas comemorativas, ou simplesmente um gesto espont├óneo. Cada ocasi├úo pode inspirar um tipo diferente de presente.</li>\n</ul>\n\n<p>Entender a etiqueta de presentear em rela├º├Áes de alto n├¡vel tamb├®m ├® crucial. A discri├º├úo, o respeito e a genu├¡na inten├º├úo por tr├ís do gesto s├úo t├úo importantes quanto o presente em si. Para mais informa├º├Áes sobre etiqueta social e de presentes, voc├¬ pode consultar fontes como <a href="https://www.emilypost.com/" target="_blank" rel="noopener noreferrer">Emily Post Institute</a>.</p>\n\n<h3>O Investimento por Tr├ís do Luxo</h3>\n\n<p>├ë importante ressaltar que muitas dessas pe├ºas de luxo n├úo s├úo apenas despesas, mas sim investimentos. Bolsas Herm├¿s e Chanel, por exemplo, t├¬m demonstrado um excelente potencial de valoriza├º├úo ao longo do tempo, superando at├® mesmo o mercado de a├º├Áes em alguns per├¡odos. O mesmo ocorre com certos modelos de rel├│gios Patek Philippe e Rolex, que se tornam itens de colecionador e t├¬m seu valor apreciado.</p>\n\n<p>Para quem se interessa pelo aspecto financeiro e de investimento em bens de luxo, ├® v├ílido pesquisar an├ílises de mercado que abordam a <a href="https://www.businessoffashion.com/articles/luxury/the-investment-value-of-luxury-handbags/" target="_blank" rel="noopener noreferrer">valoriza├º├úo de bolsas de grife e rel├│gios</a> como ativos. Compreender esse lado adiciona uma camada extra de sofistica├º├úo ao ato de presentear, transformando-o em uma decis├úo estrat├®gica.</p>\n\n<h3>Conclus├úo: Mais que Presentes, Experi├¬ncias Inesquec├¡veis</h3>\n\n<p>No universo do luxo e dos relacionamentos Sugar, as bolsas de grife e os rel├│gios de alta relojoaria s├úo mais do que meros objetos. S├úo manifesta├º├Áes de um estilo de vida, de um apre├ºo pela beleza, pela qualidade e pela exclusividade. S├úo presentes que encantam n├úo s├│ pelo seu valor intr├¡nseco, mas pela hist├│ria que carregam, pelo status que conferem e pela emo├º├úo que provocam.</p>\n\n<p>Ao escolher uma dessas pe├ºas, voc├¬ n├úo est├í apenas comprando um item, mas investindo em uma experi├¬ncia, em um sentimento e em um relacionamento que valoriza a sofistica├º├úo em sua forma mais pura. ├ë a arte de presentear elevada ao seu mais alto n├¡vel, onde cada detalhe ├® pensado para criar um momento verdadeiramente inesquec├¡vel e um la├ºo ainda mais forte.</p>', 'Descubra como bolsas de grife e rel├│gios de luxo encantam no universo Sugar e Lifestyle. Explore as melhores marcas e a arte de presentear com sofistica├º├úo.', NULL, '2026-07-09 15:06:09.532343-03', '2026-07-09 15:06:09.532343-03', '2026-07-09 15:06:09.532343-03', 'ai_manual');
